<?xml version="1.0" encoding="utf-8"?>
<odoo>
    <record model="ir.module.category" id="helpdesk_lite.module_category_helpdesk_lite_management">
        <field name="name">Helpdesk</field>
        <field name="description">Helps you manage your support requests</field>
        <field name="sequence">14</field>
    </record>

    <record id="group_helpdesk_lite_user" model="res.groups">
        <field name="name">User</field>
        <field name="implied_ids" eval="[(4, ref('base.group_user'))]"/>
        <field name="category_id" ref="helpdesk_lite.module_category_helpdesk_lite_management"/>
    </record>

    <record id="group_helpdesk_lite_manager" model="res.groups">
        <field name="name">Manager</field>
        <field name="category_id" ref="helpdesk_lite.module_category_helpdesk_lite_management"/>
        <field name="implied_ids" eval="[(4, ref('group_helpdesk_lite_user'))]"/>
        <field name="users" eval="[(4, ref('base.user_admin'))]"/>
    </record>

    <data noupdate="1">
        <record id="base.default_user" model="res.users">
            <field name="groups_id" eval="[(4,ref('helpdesk_lite.group_helpdesk_lite_manager'))]"/>
        </record>

        <record model="ir.rule" id="helpdesk_lite_comp_rule">
            <field name="name">Helpdesk: multi-company</field>
            <field name="model_id" ref="model_helpdesk_lite_ticket"/>
            <field name="global" eval="True"/>
            <field name="domain_force">['|',
                                            ('company_id', '=', False),
                                            ('company_id', 'child_of', [user.company_id.id]),
                                        ]</field>
        </record>

        <record id="ticket_manager_rule" model="ir.rule">
            <field name="name">Helpdesk/Ticket: helpdesk manager: see all</field>
            <field name="model_id" ref="model_helpdesk_lite_ticket"/>
            <field name="domain_force">[(1, '=', 1)]</field>
            <field name="groups" eval="[(4,ref('helpdesk_lite.group_helpdesk_lite_manager'))]"/>
        </record>

        <record id="ticket_user_rule" model="ir.rule">
            <field name="name">Helpdesk/Ticket: employees: see all</field>
            <field name="model_id" ref="model_helpdesk_lite_ticket"/>
            <field name="domain_force">[(1, '=', 1)]</field>
            <field name="groups" eval="[(4,ref('helpdesk_lite.group_helpdesk_lite_user'))]"/>
        </record>

        <record id="ticket_portal_rule" model="ir.rule">
            <field name="name">Helpdesk: portal users: (portal and (following project or following tickets)</field>
            <field name="model_id" ref="model_helpdesk_lite_ticket"/>
            <field name="domain_force">[
                        ('message_partner_ids', 'child_of', [user.partner_id.commercial_partner_id.id]),
                ]</field>
            <field name="groups" eval="[(4, ref('base.group_portal'))]"/>
        </record>

    </data>
</odoo>
